{"cameraMode":{"drawMode":0,"name":"Shaded","section":"Shading Mode"},"sceneLighting":true,"audioPlay":false,"sceneViewState":{"showFog":true,"showMaterialUpdate":false,"showSkybox":true,"showFlares":true,"showImageEffects":true,"showParticleSystems":true},"in2DMode":false,"pivot":{"x":-5.322516441345215,"y":-3.9181580543518068,"z":-14.482958793640137},"rotation":{"x":0.03695732355117798,"y":-0.9532122611999512,"z":0.13034386932849885,"w":0.27028170228004458},"size":14.198493957519532,"orthographic":false}